{"text": " Song about technology, dreams, dashboards, screens, data.", "segments": [{"id": 0, "seek": 0, "start": 0.0, "end": 2.0, "text": " Song about technology, dreams, dashboards, screens, data.", "tokens": [50364, 11862, 466, 2899, 11, 7505, 11, 8240, 17228, 11, 11171, 11, 1412, 13, 50464], "temperature": 0.0, "avg_logprob": -0.5468398928642273, "compression_ratio": 0.9661016949152542, "no_speech_prob": 0.16101524233818054}], "language": "en"}