{"text": " Let me know what you think in the comments down below, and I'll see you in the next one. Let me know what you think in the comments down below. I'll see you in the next one.", "segments": [{"id": 0, "seek": 0, "start": 0.0, "end": 7.0, "text": " Let me know what you think in the comments down below, and I'll see you in the next one.", "tokens": [50364, 961, 385, 458, 437, 291, 519, 294, 264, 3053, 760, 2507, 11, 293, 286, 603, 536, 291, 294, 264, 958, 472, 13, 50714], "temperature": 0.0, "avg_logprob": -0.9381320190429687, "compression_ratio": 1.0864197530864197, "no_speech_prob": 0.7181157469749451}, {"id": 1, "seek": 3000, "start": 30.0, "end": 37.0, "text": " Let me know what you think in the comments down below.", "tokens": [50364, 961, 385, 458, 437, 291, 519, 294, 264, 3053, 760, 2507, 13, 50714], "temperature": 0.0, "avg_logprob": -0.6023271560668946, "compression_ratio": 0.9, "no_speech_prob": 0.9746870398521423}, {"id": 2, "seek": 6000, "start": 60.0, "end": 67.0, "text": " I'll see you in the next one.", "tokens": [50364, 286, 603, 536, 291, 294, 264, 958, 472, 13, 50714], "temperature": 0.0, "avg_logprob": -0.5681781768798828, "compression_ratio": 0.7837837837837838, "no_speech_prob": 0.9753707647323608}], "language": "en"}